{
    "Raw File Name": "tur_admn_adm012_pypl_generalcommandofmapping_hh_v3.zip", 
    "Group": "Turkey", 
    "License": "For humanitarian use only", 
    "country": "Turkey", 
    "Unnamed: 11": null, 
    "Processed File Name": "TUR_ADM1.zip", 
    "timestamp": 1534539071, 
    "Known Errors": null, 
    "datetime": "2018-08-17 16:51:11", 
    "version": "1_3_3", 
    "Unnamed: 12": null, 
    "Source 2": "Regional IM Working Group - Europe", 
    "Source 1": "General Command of Mapping", 
    "Year": 2017, 
    "iso": "TUR", 
    "adm": "ADM1", 
    "Changes": "No", 
    "Link to Source Data": "https://data.humdata.org/dataset/turkey-administrative-boundaries-levels-0-1-2", 
    "Boundary Level": "ADM 1"
}
